<?xml version="1.0" encoding="utf-8"?>
<extension type="component" version="3.0" method="upgrade">

	<name>COM_MYWEB</name>
	<creationDate>Jan 2019</creationDate>
	<version>0.0.22</version>
	<description>COM_MYWEB_DESCRIPTION</description>

	<scriptfile>script.php</scriptfile>

	<files folder="site">
		<filename>index.html</filename>
		<filename>myweb.php</filename>
		<filename>controller.php</filename>
		<folder>controllers</folder>
		<folder>views</folder>
		<folder>models</folder>
		<folder>helpers</folder>
	</files>

	<languages folder="site/language">
		<language tag="en-GB">en-GB/en-GB.com_myweb.ini</language>
	</languages>

	<media destination="com_myweb" folder="media">
		<filename>index.html</filename>
		<folder>images</folder>
		<folder>js</folder>
		<folder>css</folder>

	</media>

	<administration>
		<!-- Administration Menu Section -->
		<menu link='index.php?option=com_myweb' img="../media/com_myweb/images/Tux-16x16.png">COM_MYWEB_MENU</menu>
		<!-- Administration Main File Copy Section -->
		<!-- Note the folder attribute: This attribute describes the folder
			to copy FROM in the package to install therefore files copied
			in this section are copied from /admin/ in the package -->
		<files folder="admin">
			<!-- Admin Main File Copy Section -->
			<filename>index.html</filename>
			<filename>config.xml</filename>
			<filename>myweb.php</filename>
			<filename>controller.php</filename>
			<filename>access.xml</filename>
			<!-- models files section -->
			<folder>models</folder>
			<!-- helpers files section -->
			<folder>helpers</folder>
			<!-- language folder -->
			<folder>language</folder>
		</files>
		<languages folder="admin/language">
			<language tag="en-GB">en-GB/en-GB.com_myweb.ini</language>
			<language tag="en-GB">en-GB/en-GB.com_myweb.sys.ini</language>
		</languages>
	</administration>

</extension>